title,domestic_revenue,world_revenue,distributor,opening_revenue,opening_theaters,budget,MPAA,genres,release_days
Rough Night,"$22,105,643",N/A,N/A,Sony Pictures Entertainment (SPE),"$8,004,283","3,162 theaters","$20,000,000",R,"Comedy, Crime, Thriller","Jun 16, 2017"
Hostiles,"$29,819,114",N/A,N/A,Entertainment Studios Motion Pictures,"$22,849","2,934 theaters",N/A,R,"Drama, Western",N/A
Stuber,"$22,370,452",N/A,N/A,Twentieth Century Fox,"$8,225,384","3,050 theaters","$16,000,000",R,"Action, Comedy, Crime, Thriller","Jul 12, 2019"
Parasite,"$53,369,749",N/A,N/A,Neon,"$393,216","2,001 theaters","$11,400,000",R,"Comedy, Drama, Thriller",N/A
Booksmart,"$22,680,962",N/A,N/A,United Artists Releasing,"$6,933,620","2,518 theaters","$6,000,000",R,Comedy,"May 24, 2019"
A Dog's Journey,"$22,782,371",N/A,N/A,Universal Pictures,"$8,030,085","3,279 theaters","$16,000,000",PG,"Adventure, Comedy, Drama, Family, Fantasy","May 17, 2019"
On the Basis of Sex,"$24,622,687",N/A,N/A,Focus Features,"$686,355","1,957 theaters",N/A,PG-13,"Biography, Drama",N/A
Fighting with My Family,"$22,958,886",N/A,N/A,Metro-Goldwyn-Mayer (MGM),"$138,780","2,855 theaters","$11,000,000",PG-13,"Biography, Comedy, Drama, Sport",N/A
Ralph Breaks the Internet,"$201,091,711",N/A,N/A,Walt Disney Studios Motion Pictures,"$56,237,634","4,017 theaters","$175,000,000",PG,"Adventure, Animation, Comedy, Family, Fantasy","Nov 21, 2018"
Judy,"$24,313,888",N/A,N/A,Roadside Attractions,"$2,916,548","1,627 theaters",N/A,PG-13,"Biography, Drama, Romance",N/A
Uncut Gems,"$50,023,780",N/A,N/A,A24,"$537,242","2,686 theaters","$19,000,000",R,"Crime, Drama, Thriller",N/A
Countdown,"$25,621,766",N/A,N/A,STX Entertainment,"$8,865,082","2,675 theaters","$6,500,000",PG-13,"Horror, Thriller","Oct 25, 2019"
The Art of Racing in the Rain,"$26,395,642",N/A,N/A,Twentieth Century Fox,"$8,137,584","2,765 theaters","$18,000,000",PG,"Comedy, Drama, Romance, Sport","Aug 9, 2019"
Bohemian Rhapsody,"$216,428,042",N/A,N/A,Twentieth Century Fox,"$51,061,119","4,000 theaters","$52,000,000",PG-13,"Biography, Drama, Music","Nov 2, 2018"
Midsommar,"$27,426,361",N/A,N/A,A24,"$6,560,030","2,707 theaters","$9,000,000",R,"Drama, Horror, Mystery, Thriller","Jul 3, 2019"
21 Bridges,"$28,539,757",N/A,N/A,STX Entertainment,"$9,261,268","2,665 theaters","$33,000,000",R,"Action, Crime, Thriller","Nov 22, 2019"
Vice,"$47,836,282",N/A,N/A,Annapurna Pictures,"$7,768,371","2,534 theaters",N/A,R,"Biography, Comedy, Drama","Dec 25, 2018"
Happy Death Day 2U,"$28,148,130",N/A,N/A,Universal Pictures,"$9,497,665","3,212 theaters","$9,000,000",PG-13,"Comedy, Horror, Mystery, Sci-Fi, Thriller","Feb 13, 2019"
Ready or Not,"$28,714,231",N/A,N/A,Fox Searchlight Pictures,"$8,015,590","2,998 theaters","$6,000,000",R,"Comedy, Horror, Mystery, Thriller","Aug 21, 2019"
Child's Play,"$29,208,403",N/A,N/A,United Artists Releasing,"$14,094,594","3,007 theaters","$10,000,000",R,"Horror, Sci-Fi","Jun 21, 2019"
Spies in Disguise,"$66,757,013",N/A,N/A,Twentieth Century Fox,"$13,354,798","3,502 theaters","$100,000,000",PG,"Action, Adventure, Animation, Comedy, Family, Sci-Fi","Dec 25, 2019"
Long Shot,"$30,316,271",N/A,N/A,Lionsgate,"$9,740,064","3,230 theaters","$40,000,000",R,"Comedy, Romance","May 3, 2019"
Dragon Ball Super: Broly,"$30,712,119",N/A,N/A,FUNimation Entertainment,"$9,816,197","1,267 theaters","$8,500,000",PG,"Action, Adventure, Animation, Family, Fantasy, Sci-Fi","Jan 16, 2019"
Doctor Sleep,"$31,581,712",N/A,N/A,Warner Bros.,"$14,114,124","3,855 theaters","$45,000,000",R,"Drama, Fantasy, Horror, Thriller","Nov 8, 2019"
Cold Pursuit,"$32,138,862",N/A,N/A,Lionsgate,"$11,030,233","2,630 theaters","$60,000,000",R,"Action, Crime, Drama, Thriller","Feb 8, 2019"
Overcomer,"$34,746,945",N/A,N/A,Affirm Films,"$8,146,533","2,293 theaters","$5,000,000",PG,"Drama, Family, Sport","Aug 23, 2019"
Last Christmas,"$35,150,750",N/A,N/A,Universal Pictures,"$11,441,055","3,454 theaters","$25,000,000",PG-13,"Comedy, Drama, Romance","Nov 8, 2019"
The Hustle,"$35,417,038",N/A,N/A,United Artists Releasing,"$13,007,709","3,077 theaters","$21,000,000",PG-13,"Comedy, Crime","May 10, 2019"
The Intruder,"$35,419,122",N/A,N/A,Screen Gems,"$10,855,054","2,231 theaters","$8,000,000",PG-13,Thriller,"May 3, 2019"
Little Women,"$108,101,214",N/A,N/A,Sony Pictures Entertainment (SPE),"$16,755,310","3,308 theaters","$40,000,000",PG,"Drama, Romance","Dec 25, 2019"
Crawl,"$39,014,193",N/A,N/A,Paramount Pictures,"$12,005,210","3,170 theaters","$13,500,000",R,"Action, Horror, Thriller","Jul 12, 2019"
The Mule,"$103,804,407",N/A,N/A,Warner Bros.,"$17,509,431","3,329 theaters","$50,000,000",R,"Crime, Drama, Thriller","Dec 14, 2018"
Breakthrough,"$40,713,082",N/A,N/A,Twentieth Century Fox,"$11,282,333","2,913 theaters","$14,000,000",PG,"Biography, Drama","Apr 17, 2019"
Queen & Slim,"$43,808,310",N/A,N/A,Universal Pictures,"$11,890,490","1,715 theaters","$18,000,000",R,"Crime, Drama, Romance","Nov 27, 2019"
Little,"$40,860,481",N/A,N/A,Universal Pictures,"$15,405,455","2,667 theaters","$20,000,000",PG-13,"Comedy, Fantasy, Romance","Apr 12, 2019"
The Angry Birds Movie 2,"$41,667,116",N/A,N/A,Sony Pictures Entertainment (SPE),"$10,354,073","3,869 theaters","$65,000,000",PG,"Adventure, Animation, Comedy, Family","Aug 13, 2019"
A Dog's Way Home,"$42,004,346",N/A,N/A,Sony Pictures Entertainment (SPE),"$11,251,263","3,090 theaters","$18,000,000",PG,"Adventure, Drama, Family","Jan 11, 2019"
Harriet,"$43,082,155",N/A,N/A,Focus Features,"$11,676,720","2,186 theaters","$17,000,000",PG-13,"Action, Biography, Drama, History","Nov 1, 2019"
Playing with Fire,"$44,451,847",N/A,N/A,Paramount Pictures,"$12,723,781","3,185 theaters","$29,900,000",PG,"Comedy, Family","Nov 8, 2019"
Rambo: Last Blood,"$44,819,352",N/A,N/A,Lionsgate,"$18,872,919","3,618 theaters","$50,000,000",R,"Action, Thriller","Sep 20, 2019"
Wonder Park,"$45,216,793",N/A,N/A,Paramount Pictures,"$15,853,646","3,838 theaters","$90,000,000",PG,"Adventure, Animation, Comedy, Family, Fantasy","Mar 15, 2019"
Five Feet Apart,"$45,729,221",N/A,N/A,Lionsgate,"$13,190,286","2,866 theaters","$7,000,000",PG-13,"Drama, Romance","Mar 15, 2019"
Ma,"$45,896,028",N/A,N/A,Universal Pictures,"$18,099,805","2,816 theaters","$5,000,000",R,"Horror, Mystery, Thriller","May 31, 2019"
Gemini Man,"$48,546,770",N/A,N/A,Paramount Pictures,"$20,552,372","3,642 theaters","$138,000,000",PG-13,"Action, Drama, Sci-Fi, Thriller","Oct 11, 2019"
Isn't It Romantic,"$48,791,187",N/A,N/A,Warner Bros.,"$14,247,758","3,444 theaters","$31,000,000",PG-13,"Comedy, Fantasy, Romance","Feb 13, 2019"
Ad Astra,"$50,188,370",N/A,N/A,Twentieth Century Fox,"$19,001,398","3,460 theaters","$90,000,000",PG-13,"Adventure, Drama, Mystery, Sci-Fi, Thriller","Sep 20, 2019"
Green Book,"$85,080,171",N/A,N/A,Universal Pictures,"$320,429","2,648 theaters","$23,000,000",PG-13,"Biography, Comedy, Drama, Music",N/A
What Men Want,"$54,611,903",N/A,N/A,Paramount Pictures,"$18,232,087","2,912 theaters","$20,000,000",R,"Comedy, Fantasy, Romance","Feb 8, 2019"
Pet Sematary,"$54,724,696",N/A,N/A,Paramount Pictures,"$24,502,775","3,585 theaters","$21,000,000",R,"Horror, Mystery, Thriller","Apr 5, 2019"
The Curse of la Llorona,"$54,733,739",N/A,N/A,Warner Bros.,"$26,347,631","3,372 theaters","$9,000,000",R,"Horror, Mystery, Thriller","Apr 19, 2019"
Bumblebee,"$127,195,589",N/A,N/A,Paramount Pictures,"$21,654,047","3,597 theaters","$135,000,000",PG-13,"Action, Adventure, Sci-Fi","Dec 21, 2018"
Midway,"$56,846,802",N/A,N/A,Lionsgate,"$17,897,419","3,242 theaters","$100,000,000",PG-13,"Action, Adventure, Drama, History, War","Nov 8, 2019"
A Beautiful Day in the Neighborhood,"$61,704,055",N/A,N/A,Sony Pictures Entertainment (SPE),"$13,251,238","3,491 theaters","$25,000,000",PG,"Biography, Drama","Nov 22, 2019"
Escape Room,"$57,005,601",N/A,N/A,Sony Pictures Entertainment (SPE),"$18,238,172","2,717 theaters","$9,000,000",PG-13,"Action, Adventure, Horror, Mystery, Thriller","Jan 4, 2019"
Dora and the Lost City of Gold,"$60,477,943",N/A,N/A,Paramount Pictures,"$17,431,588","3,735 theaters","$49,000,000",PG,"Adventure, Comedy, Family, Mystery","Aug 9, 2019"
Abominable,"$60,716,390",N/A,N/A,Universal Pictures,"$20,612,100","4,248 theaters","$75,000,000",PG,"Adventure, Animation, Comedy, Family, Fantasy","Sep 27, 2019"
Terminator: Dark Fate,"$62,253,077",N/A,N/A,Paramount Pictures,"$29,033,832","4,086 theaters","$185,000,000",R,"Action, Adventure, Sci-Fi","Nov 1, 2019"
X-Men: Dark Phoenix,"$65,845,974",N/A,N/A,Twentieth Century Fox,"$32,828,348","3,721 theaters","$200,000,000",PG-13,"Action, Adventure, Sci-Fi","Jun 7, 2019"
Mary Poppins Returns,"$171,958,438",N/A,N/A,Walt Disney Studios Motion Pictures,"$23,523,121","4,090 theaters","$130,000,000",PG,"Comedy, Family, Fantasy, Musical","Dec 19, 2018"
Scary Stories to Tell in the Dark,"$68,947,075",N/A,N/A,Lionsgate,"$20,915,346","3,135 theaters","$25,000,000",PG-13,"Adventure, Horror, Mystery","Aug 9, 2019"
Angel Has Fallen,"$69,030,436",N/A,N/A,Lionsgate,"$21,380,987","3,336 theaters","$40,000,000",R,"Action, Thriller","Aug 23, 2019"
Zombieland: Double Tap,"$73,123,082",N/A,N/A,Sony Pictures Entertainment (SPE),"$26,803,104","3,468 theaters","$42,000,000",R,"Action, Adventure, Comedy, Horror","Oct 18, 2019"
A Madea Family Funeral,"$73,257,045",N/A,N/A,Lionsgate,"$27,062,332","2,442 theaters","$20,000,000",PG-13,Comedy,"Mar 1, 2019"
Yesterday,"$73,286,650",N/A,N/A,Universal Pictures,"$17,010,050","2,755 theaters","$26,000,000",PG-13,"Comedy, Fantasy, Music, Romance","Jun 28, 2019"
Annabelle Comes Home,"$74,152,591",N/A,N/A,Warner Bros.,"$20,269,723","3,613 theaters","$30,000,000",R,"Horror, Mystery, Thriller","Jun 26, 2019"
Men in Black: International,"$80,001,807",N/A,N/A,Sony Pictures Entertainment (SPE),"$30,035,838","4,224 theaters","$110,000,000",PG-13,"Action, Adventure, Comedy, Sci-Fi","Jun 14, 2019"
Spider-Man: Into the Spider-Verse,"$190,241,310",N/A,N/A,Sony Pictures Entertainment (SPE),"$35,363,376","3,813 theaters",N/A,PG,"Action, Adventure, Animation, Family, Sci-Fi","Dec 14, 2018"
Good Boys,"$83,140,306",N/A,N/A,Universal Pictures,"$21,402,605","3,458 theaters","$20,000,000",R,"Adventure, Comedy","Aug 16, 2019"
Alita: Battle Angel,"$85,838,210",N/A,N/A,Twentieth Century Fox,"$28,525,613","3,802 theaters","$170,000,000",PG-13,"Action, Adventure, Sci-Fi, Thriller","Feb 14, 2019"
Rocketman,"$96,368,160",N/A,N/A,Paramount Pictures,"$25,725,722","3,610 theaters","$40,000,000",R,"Biography, Drama, Music, Musical","May 31, 2019"
Downton Abbey,"$96,854,135",N/A,N/A,Focus Features,"$31,033,665","3,548 theaters","$13,000,000",PG,"Drama, Romance","Sep 20, 2019"
The Addams Family,"$100,044,905",N/A,N/A,United Artists Releasing,"$30,300,007","4,107 theaters","$24,000,000",PG,"Animation, Comedy, Family, Fantasy, Horror","Oct 11, 2019"
Hustlers,"$104,963,598",N/A,N/A,STX Entertainment,"$33,181,361","3,525 theaters","$20,000,000",R,"Comedy, Crime, Drama","Sep 13, 2019"
The LEGO Movie 2: The Second Part,"$105,806,508",N/A,N/A,Warner Bros.,"$34,115,335","4,303 theaters","$99,000,000",PG,"Action, Adventure, Animation, Comedy, Family, Fantasy, Musical","Feb 8, 2019"
Ford v Ferrari,"$117,624,357",N/A,N/A,Twentieth Century Fox,"$31,474,958","3,746 theaters","$97,600,000",PG-13,"Action, Biography, Drama, Sport","Nov 15, 2019"
The Upside,"$108,252,517",N/A,N/A,STX Entertainment,"$20,355,000","3,568 theaters","$37,500,000",PG-13,"Comedy, Drama","Jan 11, 2019"
Godzilla: King of the Monsters,"$110,500,138",N/A,N/A,Warner Bros.,"$47,776,293","4,108 theaters","$170,000,000",PG-13,"Action, Adventure, Fantasy, Sci-Fi","May 31, 2019"
Glass,"$111,048,468",N/A,N/A,Universal Pictures,"$40,328,920","3,844 theaters","$20,000,000",PG-13,"Drama, Sci-Fi, Thriller","Jan 18, 2019"
Maleficent: Mistress of Evil,"$113,929,605",N/A,N/A,Walt Disney Studios Motion Pictures,"$36,948,713","3,820 theaters","$185,000,000",PG,"Adventure, Family, Fantasy","Oct 18, 2019"
Dumbo,"$114,766,307",N/A,N/A,Walt Disney Studios Motion Pictures,"$45,990,748","4,259 theaters","$170,000,000",PG,"Adventure, Family, Fantasy","Mar 29, 2019"
Knives Out,"$165,363,234",N/A,N/A,Lionsgate,"$26,769,548","3,461 theaters","$40,000,000",PG-13,"Comedy, Crime, Drama, Mystery, Thriller","Nov 27, 2019"
Aquaman,"$335,061,807",N/A,N/A,Warner Bros.,"$67,873,522","4,184 theaters",N/A,PG-13,"Action, Adventure, Fantasy, Sci-Fi","Dec 21, 2018"
Shazam!,"$140,371,656",N/A,N/A,Warner Bros.,"$53,505,326","4,306 theaters","$100,000,000",PG-13,"Action, Adventure, Comedy, Fantasy","Apr 5, 2019"
Once Upon a Time... In Hollywood,"$142,502,728",N/A,N/A,Sony Pictures Entertainment (SPE),"$41,082,018","3,659 theaters","$90,000,000",R,"Comedy, Drama","Jul 26, 2019"
Pok√©mon Detective Pikachu,"$144,105,346",N/A,N/A,Warner Bros.,"$54,365,242","4,248 theaters","$150,000,000",PG,"Action, Adventure, Comedy, Family, Mystery, Sci-Fi","May 10, 2019"
The Secret Life of Pets 2,"$158,874,395",N/A,N/A,Universal Pictures,"$46,652,680","4,564 theaters","$80,000,000",PG,"Adventure, Animation, Comedy, Family","Jun 7, 2019"
How to Train Your Dragon: The Hidden World,"$160,799,505",N/A,N/A,Universal Pictures,"$55,022,245","4,286 theaters","$129,000,000",PG,"Action, Adventure, Animation, Family, Fantasy","Feb 22, 2019"
John Wick: Chapter 3 - Parabellum,"$171,015,687",N/A,N/A,Lionsgate,"$56,818,067","3,850 theaters","$75,000,000",R,"Action, Crime, Thriller","May 17, 2019"
Fast & Furious Presents: Hobbs & Shaw,"$173,956,935",N/A,N/A,Universal Pictures,"$60,038,950","4,344 theaters","$200,000,000",N/A,"Action, Adventure, Thriller","Aug 2, 2019"
Us,"$175,084,580",N/A,N/A,Universal Pictures,"$71,117,625","3,743 theaters","$20,000,000",R,"Horror, Mystery, Thriller","Mar 22, 2019"
Jumanji: The Next Level,"$320,314,960",N/A,N/A,Sony Pictures Entertainment (SPE),"$59,251,543","4,227 theaters","$125,000,000",PG-13,"Action, Adventure, Comedy, Fantasy","Dec 13, 2019"
It Chapter Two,"$211,593,228",N/A,N/A,Warner Bros.,"$91,062,152","4,570 theaters","$79,000,000",R,"Drama, Fantasy, Horror","Sep 6, 2019"
Joker,"$335,451,311",N/A,N/A,Warner Bros.,"$96,202,337","4,374 theaters","$55,000,000",R,"Crime, Drama, Thriller","Oct 4, 2019"
Aladdin,"$355,559,216",N/A,N/A,Walt Disney Studios Motion Pictures,"$91,500,929","4,476 theaters","$183,000,000",PG,"Adventure, Family, Fantasy, Musical, Romance","May 24, 2019"
Spider-Man: Far from Home,"$390,532,085",N/A,N/A,Sony Pictures Entertainment (SPE),"$92,579,212","4,634 theaters","$160,000,000",PG-13,"Action, Adventure, Sci-Fi","Jul 2, 2019"
Star Wars: Episode IX - The Rise of Skywalker,"$515,202,542",N/A,N/A,Walt Disney Studios Motion Pictures,"$177,383,864","4,406 theaters","$275,000,000",PG-13,"Action, Adventure, Fantasy, Sci-Fi","Dec 20, 2019"
Captain Marvel,"$426,829,839",N/A,N/A,Walt Disney Studios Motion Pictures,"$153,433,423","4,310 theaters","$160,000,000",PG-13,"Action, Adventure, Sci-Fi","Mar 8, 2019"
Frozen II,"$477,373,578",N/A,N/A,Walt Disney Studios Motion Pictures,"$130,263,358","4,440 theaters","$150,000,000",PG,"Adventure, Animation, Comedy, Family, Fantasy, Musical","Nov 22, 2019"
Toy Story 4,"$434,038,008",N/A,N/A,Walt Disney Studios Motion Pictures,"$120,908,065","4,575 theaters","$200,000,000",G,"Adventure, Animation, Comedy, Family, Fantasy","Jun 21, 2019"
The Lion King,"$543,638,043",N/A,N/A,Walt Disney Studios Motion Pictures,"$191,770,759","4,802 theaters","$260,000,000",PG,"Adventure, Animation, Drama, Family, Musical","Jul 19, 2019"
Avengers: Endgame,"$858,373,000",N/A,N/A,Walt Disney Studios Motion Pictures,"$357,115,007","4,662 theaters","$356,000,000",PG-13,"Action, Adventure, Drama, Sci-Fi","Apr 26, 2019"
Teen Titans GO! To the Movies,"$29,790,236",N/A,N/A,Warner Bros.,"$10,411,189","3,188 theaters","$10,000,000",PG,"Action, Adventure, Animation, Comedy, Family, Fantasy, Musical, Sci-Fi","Jul 27, 2018"
Coco,"$210,460,015",N/A,N/A,Walt Disney Studios Motion Pictures,"$50,802,605","3,987 theaters",N/A,PG,"Adventure, Animation, Family, Fantasy, Music, Mystery","Nov 22, 2017"
Slender Man,"$30,569,484",N/A,N/A,Screen Gems,"$11,371,866","2,358 theaters","$10,000,000",PG-13,"Horror, Mystery, Thriller","Aug 10, 2018"
Super Troopers 2,"$30,617,396",N/A,N/A,Twentieth Century Fox,"$15,181,624","2,125 theaters","$13,500,000",R,"Comedy, Crime, Mystery","Apr 20, 2018"
Robin Hood,"$30,824,628",N/A,N/A,Lionsgate,"$9,195,670","2,827 theaters","$100,000,000",PG-13,"Action, Adventure, Drama, Thriller","Nov 21, 2018"
Ferdinand,"$84,410,380",N/A,N/A,Twentieth Century Fox,"$13,401,586","3,630 theaters","$111,000,000",PG,"Adventure, Animation, Comedy, Family, Fantasy","Dec 15, 2017"
Adrift,"$31,445,012",N/A,N/A,STX Entertainment,"$11,603,039","3,015 theaters","$35,000,000",PG-13,"Action, Adventure, Biography, Drama, Romance, Thriller","Jun 1, 2018"
Nobody's Fool,"$31,713,110",N/A,N/A,Paramount Pictures,"$13,743,111","2,468 theaters","$19,000,000",R,"Comedy, Drama, Romance","Nov 2, 2018"
Isle of Dogs,"$32,015,231",N/A,N/A,Fox Searchlight Pictures,"$1,620,294","1,947 theaters",N/A,PG-13,"Adventure, Animation, Comedy, Drama, Fantasy, Sci-Fi",N/A
Green Book,"$85,080,171",N/A,N/A,Universal Pictures,"$320,429","2,648 theaters","$23,000,000",PG-13,"Biography, Comedy, Drama, Music",N/A
Annihilation,"$32,732,301",N/A,N/A,Paramount Pictures,"$11,071,584","2,112 theaters","$40,000,000",R,"Adventure, Drama, Horror, Mystery, Sci-Fi, Thriller","Feb 23, 2018"
The Spy Who Dumped Me,"$33,562,069",N/A,N/A,Lionsgate,"$12,103,043","3,111 theaters","$40,000,000",R,"Action, Adventure, Comedy","Aug 3, 2018"
Death Wish,"$34,017,028",N/A,N/A,Metro-Goldwyn-Mayer (MGM),"$13,010,267","2,882 theaters","$30,000,000",R,"Action, Crime, Drama, Thriller","Mar 2, 2018"
Peppermint,"$35,418,723",N/A,N/A,STX Entertainment,"$13,423,255","2,980 theaters","$25,000,000",R,"Action, Drama, Thriller","Sep 7, 2018"
Alpha,"$35,857,181",N/A,N/A,Studio 8,"$10,352,512","2,881 theaters","$51,000,000",PG-13,"Action, Adventure, Drama","Aug 17, 2018"
Mile 22,"$36,108,758",N/A,N/A,STX Entertainment,"$13,710,825","3,520 theaters","$50,000,000",R,"Action, Thriller","Aug 17, 2018"
The 15:17 to Paris,"$36,276,286",N/A,N/A,Warner Bros.,"$12,554,286","3,042 theaters","$30,000,000",PG-13,"Biography, Drama, Thriller","Feb 9, 2018"
The Commuter,"$36,343,858",N/A,N/A,Lionsgate,"$13,701,452","2,892 theaters",N/A,PG-13,"Action, Mystery, Thriller","Jan 12, 2018"
Darkest Hour,"$56,468,410",N/A,N/A,Focus Features,"$175,006","1,733 theaters",N/A,PG-13,"Biography, Drama, History, War",N/A
"Love, Simon","$40,826,341",N/A,N/A,Twentieth Century Fox,"$11,756,244","2,434 theaters","$17,000,000",PG-13,"Comedy, Drama, Romance","Mar 16, 2018"
Paddington 2,"$40,891,591",N/A,N/A,Warner Bros.,"$11,001,961","3,702 theaters",N/A,PG,"Adventure, Comedy, Family, Fantasy","Jan 12, 2018"
Truth or Dare,"$41,411,015",N/A,N/A,Universal Pictures,"$18,667,855","3,068 theaters","$3,500,000",PG-13,"Horror, Thriller","Apr 13, 2018"
Pitch Perfect 3,"$104,897,530",N/A,N/A,Universal Pictures,"$19,928,525","3,468 theaters","$45,000,000",PG-13,"Comedy, Music","Dec 22, 2017"
Widows,"$42,402,632",N/A,N/A,Twentieth Century Fox,"$12,361,307","2,803 theaters","$42,000,000",R,"Crime, Drama, Thriller","Nov 16, 2018"
Uncle Drew,"$42,469,946",N/A,N/A,Lionsgate,"$15,242,781","2,742 theaters",N/A,PG-13,"Comedy, Sport","Jun 29, 2018"
Sherlock Gnomes,"$43,242,871",N/A,N/A,Paramount Pictures,"$10,604,774","3,662 theaters","$59,000,000",PG,"Adventure, Animation, Comedy, Family, Fantasy, Mystery, Romance","Mar 23, 2018"
Tyler Perry's Acrimony,"$43,549,096",N/A,N/A,Lionsgate,"$17,170,707","2,006 theaters",N/A,R,Thriller,"Mar 30, 2018"
Hereditary,"$44,069,456",N/A,N/A,A24,"$13,575,172","2,998 theaters",N/A,R,"Drama, Horror, Mystery, Thriller","Jun 8, 2018"
First Man,"$44,936,545",N/A,N/A,Universal Pictures,"$16,006,065","3,640 theaters","$59,000,000",PG-13,"Biography, Drama, History","Oct 12, 2018"
Den of Thieves,"$44,947,622",N/A,N/A,STX Entertainment,"$15,206,108","2,432 theaters",N/A,R,"Action, Crime, Drama, Thriller","Jan 19, 2018"
12 Strong,"$45,819,713",N/A,N/A,Warner Bros.,"$15,815,025","3,018 theaters",N/A,R,"Action, Drama, History, War","Jan 19, 2018"
Goosebumps 2: Haunted Halloween,"$46,700,633",N/A,N/A,Sony Pictures Entertainment (SPE),"$15,802,225","3,723 theaters","$35,000,000",PG,"Adventure, Comedy, Family, Fantasy, Horror","Oct 12, 2018"
Breaking In,"$46,840,590",N/A,N/A,Universal Pictures,"$17,630,285","2,537 theaters","$6,000,000",PG-13,"Action, Thriller","May 11, 2018"
Red Sparrow,"$46,874,505",N/A,N/A,Twentieth Century Fox,"$16,853,422","3,064 theaters","$69,000,000",R,"Action, Drama, Thriller","Mar 2, 2018"
The Shape of Water,"$63,859,435",N/A,N/A,Fox Searchlight Pictures,"$166,564","2,341 theaters",N/A,R,"Adventure, Drama, Fantasy, Romance, Sci-Fi, Thriller",N/A
BlacKkKlansman,"$49,275,340",N/A,N/A,Focus Features,"$10,845,330","1,914 theaters","$15,000,000",R,"Biography, Comedy, Crime, Drama","Aug 10, 2018"
I Feel Pretty,"$48,795,601",N/A,N/A,STX Entertainment,"$16,030,218","3,440 theaters","$32,000,000",PG-13,"Comedy, Romance","Apr 20, 2018"
Sicario: Day of the Soldado,"$50,072,235",N/A,N/A,Sony Pictures Entertainment (SPE),"$19,007,566","3,055 theaters","$35,000,000",R,"Action, Adventure, Crime, Drama, Mystery, Thriller","Jun 29, 2018"
Overboard,"$50,316,123",N/A,N/A,Pantelion Films,"$14,711,101","2,006 theaters","$12,000,000",PG-13,"Comedy, Romance","May 4, 2018"
The Predator,"$51,024,708",N/A,N/A,Twentieth Century Fox,"$24,632,284","4,070 theaters","$88,000,000",R,"Action, Adventure, Sci-Fi","Sep 14, 2018"
Life of the Party,"$53,059,911",N/A,N/A,Warner Bros.,"$17,886,075","3,656 theaters",N/A,PG-13,Comedy,"May 11, 2018"
A Simple Favor,"$53,548,586",N/A,N/A,Lionsgate,"$16,011,689","3,102 theaters","$20,000,000",R,"Comedy, Crime, Mystery, Thriller","Sep 14, 2018"
The Nutcracker and the Four Realms,"$54,858,851",N/A,N/A,Walt Disney Studios Motion Pictures,"$20,352,491","3,766 theaters","$120,000,000",PG,"Adventure, Family, Fantasy","Nov 2, 2018"
Tag,"$54,730,625",N/A,N/A,Warner Bros.,"$14,947,396","3,382 theaters","$28,000,000",R,"Action, Comedy","Jun 15, 2018"
Maze Runner: The Death Cure,"$58,032,443",N/A,N/A,Twentieth Century Fox,"$24,167,011","3,793 theaters","$62,000,000",PG-13,"Action, Adventure, Sci-Fi, Thriller","Jan 26, 2018"
Tomb Raider,"$58,250,803",N/A,N/A,Warner Bros.,"$23,633,317","3,854 theaters","$94,000,000",PG-13,"Action, Adventure, Fantasy, Thriller","Mar 16, 2018"
Pacific Rim: Uprising,"$59,874,525",N/A,N/A,Universal Pictures,"$28,116,535","3,708 theaters","$150,000,000",PG-13,"Action, Adventure, Sci-Fi","Mar 23, 2018"
Blockers,"$60,311,495",N/A,N/A,Universal Pictures,"$20,556,350","3,418 theaters","$21,000,000",R,Comedy,"Apr 6, 2018"
The Mule,"$103,804,407",N/A,N/A,Warner Bros.,"$17,509,431","3,329 theaters","$50,000,000",R,"Crime, Drama, Thriller","Dec 14, 2018"
Instant Family,"$67,363,237",N/A,N/A,Paramount Pictures,"$14,504,315","3,426 theaters","$48,000,000",PG-13,"Comedy, Drama","Nov 16, 2018"
Insidious: The Last Key,"$67,745,330",N/A,N/A,Universal Pictures,"$29,581,355","3,150 theaters","$10,000,000",PG-13,"Horror, Mystery, Thriller","Jan 5, 2018"
Skyscraper,"$68,420,120",N/A,N/A,Universal Pictures,"$24,905,015","3,822 theaters","$125,000,000",PG-13,"Action, Adventure, Thriller","Jul 13, 2018"
The House with a Clock in Its Walls,"$68,549,695",N/A,N/A,Universal Pictures,"$26,608,020","3,592 theaters","$42,000,000",PG,"Comedy, Family, Fantasy, Sci-Fi","Sep 21, 2018"
Book Club,"$68,566,296",N/A,N/A,Paramount Pictures,"$13,582,231","3,169 theaters",N/A,PG-13,"Comedy, Drama, Romance","May 18, 2018"
Game Night,"$69,179,066",N/A,N/A,Warner Bros.,"$17,005,332","3,502 theaters","$37,000,000",R,"Action, Comedy, Crime, Thriller","Feb 23, 2018"
The First Purge,"$69,488,745",N/A,N/A,Universal Pictures,"$17,374,280","3,038 theaters","$13,000,000",R,"Action, Horror, Sci-Fi, Thriller","Jul 4, 2018"
Bumblebee,"$127,195,589",N/A,N/A,Paramount Pictures,"$21,654,047","3,597 theaters","$135,000,000",PG-13,"Action, Adventure, Sci-Fi","Dec 21, 2018"
Night School,"$77,339,130",N/A,N/A,Universal Pictures,"$27,257,615","3,019 theaters","$29,000,000",PG-13,Comedy,"Sep 28, 2018"
The Post,"$81,903,458",N/A,N/A,Twentieth Century Fox,"$526,011","2,851 theaters","$50,000,000",PG-13,Drama,N/A
Smallfoot,"$83,240,103",N/A,N/A,Warner Bros.,"$23,045,635","4,131 theaters",N/A,PG,"Adventure, Animation, Comedy, Family, Fantasy, Musical","Sep 28, 2018"
I Can Only Imagine,"$83,482,352",N/A,N/A,Roadside Attractions,"$17,108,914","2,894 theaters","$7,000,000",PG,"Biography, Drama, Family, Music","Mar 16, 2018"
Christopher Robin,"$99,215,042",N/A,N/A,Walt Disney Studios Motion Pictures,"$24,585,139","3,602 theaters","$75,000,000",PG,"Adventure, Comedy, Drama, Family, Fantasy","Aug 3, 2018"
Fifty Shades Freed,"$100,407,760",N/A,N/A,Universal Pictures,"$38,560,195","3,768 theaters","$55,000,000",R,"Drama, Romance, Thriller","Feb 9, 2018"
A Wrinkle in Time,"$100,478,608",N/A,N/A,Walt Disney Studios Motion Pictures,"$33,123,609","3,980 theaters",N/A,PG,"Adventure, Family, Fantasy, Sci-Fi","Mar 9, 2018"
Rampage,"$101,028,233",N/A,N/A,Warner Bros.,"$35,753,093","4,115 theaters","$120,000,000",PG-13,"Action, Adventure, Sci-Fi","Apr 13, 2018"
The Equalizer 2,"$102,084,362",N/A,N/A,Sony Pictures Entertainment (SPE),"$36,011,640","3,388 theaters","$62,000,000",R,"Action, Crime, Thriller","Jul 20, 2018"
Star Wars: Episode VIII - The Last Jedi,"$620,181,382",N/A,N/A,Walt Disney Studios Motion Pictures,"$220,009,584","4,232 theaters","$317,000,000",PG-13,"Action, Adventure, Fantasy, Sci-Fi","Dec 15, 2017"
Mary Poppins Returns,"$171,958,438",N/A,N/A,Walt Disney Studios Motion Pictures,"$23,523,121","4,090 theaters","$130,000,000",PG,"Comedy, Family, Fantasy, Musical","Dec 19, 2018"
Spider-Man: Into the Spider-Verse,"$190,241,310",N/A,N/A,Sony Pictures Entertainment (SPE),"$35,363,376","3,813 theaters",N/A,PG,"Action, Adventure, Animation, Family, Sci-Fi","Dec 14, 2018"
Creed II,"$115,715,889",N/A,N/A,Metro-Goldwyn-Mayer (MGM),"$35,574,710","3,752 theaters","$50,000,000",PG-13,"Drama, Sport","Nov 21, 2018"
Peter Rabbit,"$115,253,424",N/A,N/A,Sony Pictures Entertainment (SPE),"$25,010,928","3,725 theaters","$50,000,000",PG,"Adventure, Comedy, Family, Fantasy","Feb 9, 2018"
The Nun,"$117,450,119",N/A,N/A,Warner Bros.,"$53,807,379","3,876 theaters","$22,000,000",R,"Horror, Mystery, Thriller","Sep 7, 2018"
Mamma Mia! Here We Go Again,"$120,634,935",N/A,N/A,Universal Pictures,"$34,952,180","3,514 theaters","$75,000,000",PG-13,"Comedy, Musical, Romance","Jul 20, 2018"
The Greatest Showman,"$174,340,174",N/A,N/A,Twentieth Century Fox,"$8,805,843","3,342 theaters","$84,000,000",PG,"Biography, Drama, Musical","Dec 20, 2017"
Ready Player One,"$137,690,172",N/A,N/A,Warner Bros.,"$41,764,050","4,234 theaters","$175,000,000",PG-13,"Action, Adventure, Sci-Fi","Mar 29, 2018"
Ocean's Eight,"$140,218,711",N/A,N/A,Warner Bros.,"$41,607,378","4,145 theaters","$70,000,000",PG-13,"Action, Comedy, Crime, Thriller","Jun 8, 2018"
The Meg,"$145,443,742",N/A,N/A,Warner Bros.,"$45,402,195","4,118 theaters","$130,000,000",PG-13,"Action, Horror, Sci-Fi, Thriller","Aug 10, 2018"
Fantastic Beasts: The Crimes of Grindelwald,"$159,555,901",N/A,N/A,Warner Bros.,"$62,163,104","4,163 theaters","$200,000,000",PG-13,"Adventure, Family, Fantasy","Nov 16, 2018"
Halloween,"$159,342,015",N/A,N/A,Universal Pictures,"$76,221,545","3,990 theaters","$10,000,000",R,"Crime, Horror, Thriller","Oct 19, 2018"
Hotel Transylvania 3: Summer Vacation,"$167,510,016",N/A,N/A,Sony Pictures Entertainment (SPE),"$44,076,225","4,267 theaters","$80,000,000",PG,"Adventure, Animation, Comedy, Family, Fantasy","Jul 13, 2018"
Crazy Rich Asians,"$174,532,921",N/A,N/A,Warner Bros.,"$26,510,140","3,865 theaters","$30,000,000",PG-13,"Comedy, Drama, Romance","Aug 15, 2018"
Ralph Breaks the Internet,"$201,091,711",N/A,N/A,Walt Disney Studios Motion Pictures,"$56,237,634","4,017 theaters","$175,000,000",PG,"Adventure, Animation, Comedy, Family, Fantasy","Nov 21, 2018"
A Quiet Place,"$188,024,361",N/A,N/A,Paramount Pictures,"$50,203,562","3,808 theaters","$17,000,000",PG-13,"Drama, Horror, Sci-Fi","Apr 6, 2018"
Bohemian Rhapsody,"$216,428,042",N/A,N/A,Twentieth Century Fox,"$51,061,119","4,000 theaters","$52,000,000",PG-13,"Biography, Drama, Music","Nov 2, 2018"
Aquaman,"$335,061,807",N/A,N/A,Warner Bros.,"$67,873,522","4,184 theaters",N/A,PG-13,"Action, Adventure, Fantasy, Sci-Fi","Dec 21, 2018"
A Star Is Born,"$215,288,866",N/A,N/A,Warner Bros.,"$42,908,051","3,904 theaters","$36,000,000",R,"Drama, Music, Romance","Oct 5, 2018"
Venom,"$213,515,506",N/A,N/A,Sony Pictures Entertainment (SPE),"$80,255,756","4,250 theaters","$100,000,000",PG-13,"Action, Adventure, Sci-Fi","Oct 5, 2018"
Solo: A Star Wars Story,"$213,767,512",N/A,N/A,Walt Disney Studios Motion Pictures,"$84,420,489","4,381 theaters","$275,000,000",PG-13,"Action, Adventure, Sci-Fi","May 25, 2018"
Ant-Man and the Wasp,"$216,648,740",N/A,N/A,Walt Disney Studios Motion Pictures,"$75,812,205","4,206 theaters",N/A,PG-13,"Action, Adventure, Comedy, Sci-Fi","Jul 6, 2018"
Mission: Impossible - Fallout,"$220,159,104",N/A,N/A,Paramount Pictures,"$61,236,534","4,395 theaters","$178,000,000",PG-13,"Action, Adventure, Thriller","Jul 27, 2018"
Jumanji: Welcome to the Jungle,"$404,515,480",N/A,N/A,Sony Pictures Entertainment (SPE),"$36,169,328","3,849 theaters","$90,000,000",PG-13,"Action, Adventure, Comedy, Fantasy","Dec 20, 2017"
The Grinch,"$270,807,000",N/A,N/A,Universal Pictures,"$67,572,855","4,141 theaters","$75,000,000",PG,"Animation, Comedy, Family, Fantasy","Nov 9, 2018"
Deadpool 2,"$318,491,426",N/A,N/A,Twentieth Century Fox,"$125,507,153","4,349 theaters","$110,000,000",R,"Action, Adventure, Comedy, Sci-Fi","May 18, 2018"
Jurassic World: Fallen Kingdom,"$417,719,760",N/A,N/A,Universal Pictures,"$148,024,610","4,485 theaters","$170,000,000",PG-13,"Action, Adventure, Sci-Fi","Jun 22, 2018"
Incredibles 2,"$608,581,744",N/A,N/A,Walt Disney Studios Motion Pictures,"$182,687,905","4,410 theaters",N/A,PG,"Action, Adventure, Animation, Comedy, Family, Sci-Fi","Jun 15, 2018"
Avengers: Infinity War,"$678,815,482",N/A,N/A,Walt Disney Studios Motion Pictures,"$257,698,183","4,474 theaters",N/A,PG-13,"Action, Adventure, Sci-Fi","Apr 27, 2018"
Black Panther,"$700,059,566",N/A,N/A,Walt Disney Studios Motion Pictures,"$202,003,951","4,084 theaters",N/A,PG-13,"Action, Adventure, Sci-Fi","Feb 16, 2018"
The Bye Bye Man,"$22,395,806",N/A,N/A,STX Entertainment,"$13,501,349","2,220 theaters","$7,400,000",PG-13,"Drama, Fantasy, Horror, Mystery, Thriller","Jan 13, 2017"
Victoria & Abdul,"$22,245,070",N/A,N/A,Focus Features,"$158,845","1,060 theaters",N/A,PG-13,"Biography, Drama, History",N/A
"Three Billboards Outside Ebbing, Missouri","$54,513,740",N/A,N/A,Fox Searchlight Pictures,"$322,168","1,726 theaters",N/A,R,"Comedy, Crime, Drama",N/A
Gifted,"$24,801,212",N/A,N/A,Fox Searchlight Pictures,"$446,380","2,215 theaters","$7,000,000",PG-13,Drama,N/A
The House,"$25,584,504",N/A,N/A,Warner Bros.,"$8,724,795","3,134 theaters","$40,000,000",R,"Comedy, Crime","Jun 30, 2017"
Resident Evil: The Final Chapter,"$26,830,068",N/A,N/A,Screen Gems,"$13,601,682","3,104 theaters","$40,000,000",R,"Action, Horror, Sci-Fi","Jan 27, 2017"
Home Again,"$27,020,284",N/A,N/A,Open Road Films (II),"$8,567,881","3,036 theaters","$12,000,000",PG-13,"Comedy, Drama, Romance","Sep 8, 2017"
Logan Lucky,"$27,780,977",N/A,N/A,Bleecker Street Media,"$7,600,036","3,031 theaters","$29,000,000",PG-13,"Comedy, Crime, Drama","Aug 18, 2017"
Rings,"$27,793,018",N/A,N/A,Paramount Pictures,"$13,002,632","2,931 theaters","$25,000,000",PG-13,"Drama, Horror, Mystery, Romance","Feb 3, 2017"
The Nut Job 2: Nutty by Nature,"$28,370,522",N/A,N/A,Open Road Films (II),"$8,342,311","4,003 theaters","$40,000,000",PG,"Adventure, Animation, Comedy, Family, Fantasy","Aug 11, 2017"
Why Him?,"$60,323,786",N/A,N/A,Twentieth Century Fox,"$11,002,986","3,008 theaters","$38,000,000",R,Comedy,"Dec 23, 2016"
Life,"$30,234,022",N/A,N/A,Sony Pictures Entertainment (SPE),"$12,501,936","3,146 theaters","$58,000,000",R,"Horror, Sci-Fi, Thriller","Mar 24, 2017"
The Mountain Between Us,"$30,348,555",N/A,N/A,Twentieth Century Fox,"$10,551,336","3,259 theaters","$35,000,000",PG-13,"Action, Adventure, Drama, Romance, Thriller","Oct 6, 2017"
Underworld: Blood Wars,"$30,353,973",N/A,N/A,Screen Gems,"$13,688,751","3,070 theaters","$35,000,000",R,"Action, Adventure, Fantasy, Horror, Sci-Fi","Jan 6, 2017"
Kidnap,"$30,971,040",N/A,N/A,Aviron Pictures,"$10,016,323","2,418 theaters","$21,000,000",R,"Action, Crime, Drama, Thriller","Aug 4, 2017"
Patriots Day,"$31,886,361",N/A,N/A,Lionsgate,"$161,306","3,120 theaters","$45,000,000",R,"Action, Crime, Drama, History, Thriller",N/A
Fences,"$57,682,904",N/A,N/A,Paramount Pictures,"$129,462","2,368 theaters","$24,000,000",PG-13,Drama,N/A
Lady Bird,"$48,958,273",N/A,N/A,A24,"$364,437","1,557 theaters",N/A,R,"Comedy, Drama",N/A
How to Be a Latin Lover,"$32,149,404",N/A,N/A,Pantelion Films,"$12,252,439","1,203 theaters",N/A,PG-13,"Comedy, Drama","Apr 28, 2017"
Fist Fight,"$32,187,017",N/A,N/A,Warner Bros.,"$12,201,873","3,185 theaters",N/A,R,Comedy,"Feb 17, 2017"
Monster Trucks,"$33,370,166",N/A,N/A,Paramount Pictures,"$10,950,705","3,119 theaters",N/A,PG,"Action, Adventure, Comedy, Family, Fantasy, Sci-Fi","Jan 13, 2017"
Geostorm,"$33,700,160",N/A,N/A,Warner Bros.,"$13,707,376","3,246 theaters","$120,000,000",PG-13,"Action, Sci-Fi, Thriller","Oct 20, 2017"
Wind River,"$33,800,859",N/A,N/A,The Weinstein Company,"$161,558","2,890 theaters","$11,000,000",R,"Crime, Drama, Mystery, Thriller",N/A
"Everything, Everything","$34,121,140",N/A,N/A,Warner Bros.,"$11,727,390","2,801 theaters","$10,000,000",PG-13,"Drama, Romance","May 19, 2017"
The Foreigner,"$34,393,507",N/A,N/A,STX Entertainment,"$13,113,024","2,515 theaters","$35,000,000",R,"Action, Thriller","Oct 13, 2017"
American Assassin,"$36,249,674",N/A,N/A,Lionsgate,"$14,846,778","3,154 theaters","$33,000,000",R,"Action, Thriller","Sep 15, 2017"
Jigsaw,"$38,052,832",N/A,N/A,Lionsgate,"$16,640,452","2,941 theaters","$10,000,000",R,"Crime, Horror, Mystery, Thriller","Oct 27, 2017"
King Arthur: Legend of the Sword,"$39,175,066",N/A,N/A,Warner Bros.,"$15,371,270","3,702 theaters","$175,000,000",PG-13,"Action, Adventure, Drama, Fantasy","May 12, 2017"
The Star,"$40,852,824",N/A,N/A,Sony Pictures Entertainment (SPE),"$9,812,674","2,976 theaters","$20,000,000",PG,"Adventure, Animation, Comedy, Family, Fantasy","Nov 17, 2017"
Valerian and the City of a Thousand Planets,"$41,189,488",N/A,N/A,STX Entertainment,"$17,007,624","3,553 theaters","$177,200,000",PG-13,"Action, Adventure, Fantasy, Sci-Fi","Jul 21, 2017"
Ghost in the Shell,"$40,563,557",N/A,N/A,Paramount Pictures,"$18,676,033","3,440 theaters","$110,000,000",PG-13,"Action, Crime, Drama, Sci-Fi, Thriller","Mar 31, 2017"
Moana,"$248,757,044",N/A,N/A,Walt Disney Studios Motion Pictures,"$56,631,401","3,875 theaters",N/A,PG,"Adventure, Animation, Comedy, Family, Fantasy, Musical","Nov 23, 2016"
The Big Sick,"$42,873,127",N/A,N/A,Lionsgate,"$421,577","2,597 theaters",N/A,R,"Comedy, Drama, Romance",N/A
47 Meters Down,"$44,307,191",N/A,N/A,Entertainment Studios Motion Pictures,"$11,205,561","2,471 theaters","$5,300,000",PG-13,"Adventure, Drama, Horror, Thriller","Jun 16, 2017"
Passengers,"$100,014,699",N/A,N/A,Sony Pictures Entertainment (SPE),"$14,869,736","3,478 theaters","$110,000,000",PG-13,"Drama, Romance, Sci-Fi, Thriller","Dec 21, 2016"
xXx: Return of Xander Cage,"$44,898,413",N/A,N/A,Paramount Pictures,"$20,130,142","3,651 theaters","$85,000,000",PG-13,"Action, Adventure, Thriller","Jan 20, 2017"
All Eyez on Me,"$44,922,302",N/A,N/A,Lionsgate,"$26,435,354","2,471 theaters","$40,000,000",R,"Biography, Drama, Music","Jun 16, 2017"
Going in Style,"$45,018,541",N/A,N/A,Warner Bros.,"$11,932,330","3,076 theaters","$25,000,000",PG-13,"Comedy, Crime","Apr 7, 2017"
Smurfs: The Lost Village,"$45,020,282",N/A,N/A,Sony Pictures Entertainment (SPE),"$13,210,449","3,610 theaters","$60,000,000",PG,"Adventure, Animation, Comedy, Family, Fantasy","Apr 7, 2017"
The Great Wall,"$45,540,830",N/A,N/A,Universal Pictures,"$18,469,620","3,328 theaters","$150,000,000",PG-13,"Action, Adventure, Fantasy, Thriller","Feb 17, 2017"
Snatched,"$45,852,178",N/A,N/A,Twentieth Century Fox,"$19,542,248","3,511 theaters","$42,000,000",R,"Action, Adventure, Comedy","May 12, 2017"
Lion,"$51,738,905",N/A,N/A,The Weinstein Company,"$123,360","1,802 theaters","$12,000,000",PG-13,"Biography, Drama",N/A
Boo 2! A Madea Halloween,"$47,319,572",N/A,N/A,Lionsgate,"$21,226,953","2,388 theaters","$25,000,000",PG-13,"Comedy, Drama, Horror","Oct 20, 2017"
The Greatest Showman,"$174,340,174",N/A,N/A,Twentieth Century Fox,"$8,805,843","3,342 theaters","$84,000,000",PG,"Biography, Drama, Musical","Dec 20, 2017"
The Dark Tower,"$50,701,325",N/A,N/A,Sony Pictures Entertainment (SPE),"$19,153,698","3,451 theaters","$60,000,000",PG-13,"Action, Adventure, Fantasy, Horror, Sci-Fi, Western","Aug 4, 2017"
American Made,"$51,342,000",N/A,N/A,Universal Pictures,"$16,776,390","3,098 theaters","$50,000,000",R,"Action, Comedy, Crime, Drama","Sep 29, 2017"
Atomic Blonde,"$51,687,870",N/A,N/A,Focus Features,"$18,286,420","3,326 theaters","$30,000,000",R,"Action, Thriller","Jul 28, 2017"
Ferdinand,"$84,410,380",N/A,N/A,Twentieth Century Fox,"$13,401,586","3,630 theaters","$111,000,000",PG,"Adventure, Animation, Comedy, Family, Fantasy","Dec 15, 2017"
Happy Death Day,"$55,683,845",N/A,N/A,Universal Pictures,"$26,039,025","3,535 theaters","$4,800,000",PG-13,"Horror, Mystery, Thriller","Oct 13, 2017"
The Shack,"$57,386,418",N/A,N/A,Lionsgate,"$16,172,119","2,888 theaters",N/A,PG-13,"Drama, Fantasy","Mar 3, 2017"
Baywatch,"$58,060,186",N/A,N/A,Paramount Pictures,"$18,503,871","3,647 theaters","$69,000,000",R,"Action, Comedy, Crime","May 25, 2017"
The Lego Ninjago Movie,"$59,281,555",N/A,N/A,Warner Bros.,"$20,433,071","4,047 theaters",N/A,PG,"Action, Adventure, Animation, Comedy, Family","Sep 22, 2017"
Pitch Perfect 3,"$104,897,530",N/A,N/A,Universal Pictures,"$19,928,525","3,468 theaters","$45,000,000",PG-13,"Comedy, Music","Dec 22, 2017"
A Dog's Purpose,"$64,508,620",N/A,N/A,Universal Pictures,"$18,222,810","3,178 theaters","$22,000,000",PG,"Adventure, Comedy, Drama, Family, Fantasy","Jan 27, 2017"
A Bad Moms Christmas,"$72,110,659",N/A,N/A,STX Entertainment,"$16,759,161","3,615 theaters","$28,000,000",R,Comedy,"Nov 1, 2017"
Captain Underpants: The First Epic Movie,"$73,921,000",N/A,N/A,Twentieth Century Fox,"$23,851,539","3,529 theaters","$38,000,000",PG,"Action, Animation, Comedy, Family","Jun 2, 2017"
Alien: Covenant,"$74,262,031",N/A,N/A,Twentieth Century Fox,"$36,160,621","3,772 theaters","$97,000,000",R,"Horror, Sci-Fi, Thriller","May 19, 2017"
The Hitman's Bodyguard,"$75,468,583",N/A,N/A,Lionsgate,"$21,384,504","3,377 theaters","$30,000,000",R,"Action, Comedy, Crime, Thriller","Aug 18, 2017"
The Mummy,"$80,227,895",N/A,N/A,Universal Pictures,"$31,688,375","4,035 theaters","$125,000,000",PG-13,"Action, Adventure, Fantasy, Thriller","Jun 9, 2017"
Power Rangers,"$85,364,450",N/A,N/A,Lionsgate,"$40,300,288","3,693 theaters","$100,000,000",PG-13,"Action, Adventure, Sci-Fi","Mar 24, 2017"
The Emoji Movie,"$86,089,513",N/A,N/A,Sony Pictures Entertainment (SPE),"$24,531,923","4,075 theaters","$50,000,000",PG,"Adventure, Animation, Comedy, Family, Fantasy","Jul 28, 2017"
Blade Runner 2049,"$92,054,159",N/A,N/A,Warner Bros.,"$32,753,122","4,058 theaters","$150,000,000",R,"Action, Drama, Mystery, Sci-Fi, Thriller","Oct 6, 2017"
John Wick: Chapter 2,"$92,029,184",N/A,N/A,Lionsgate,"$30,436,123","3,113 theaters",N/A,R,"Action, Crime, Thriller","Feb 10, 2017"
Kingsman: The Golden Circle,"$100,234,838",N/A,N/A,Twentieth Century Fox,"$39,023,010","4,038 theaters","$104,000,000",R,"Action, Adventure, Comedy, Crime, Thriller","Sep 22, 2017"
Murder on the Orient Express,"$102,826,543",N/A,N/A,Twentieth Century Fox,"$28,681,472","3,354 theaters","$55,000,000",PG-13,"Crime, Drama, Mystery","Nov 10, 2017"
Daddy's Home 2,"$104,029,443",N/A,N/A,Paramount Pictures,"$29,651,193","3,575 theaters","$69,000,000",PG-13,Comedy,"Nov 10, 2017"
Annabelle: Creation,"$102,092,201",N/A,N/A,Warner Bros.,"$35,006,404","3,565 theaters","$15,000,000",R,"Horror, Mystery, Thriller","Aug 11, 2017"
Baby Driver,"$107,825,862",N/A,N/A,TriStar Pictures,"$20,553,320","3,226 theaters","$34,000,000",R,"Action, Crime, Drama, Music, Thriller","Jun 28, 2017"
Fifty Shades Darker,"$114,581,250",N/A,N/A,Universal Pictures,"$46,607,250","3,714 theaters","$55,000,000",R,"Drama, Romance","Feb 10, 2017"
Girls Trip,"$115,171,585",N/A,N/A,Universal Pictures,"$31,201,920","2,648 theaters","$19,000,000",R,"Adventure, Comedy, Drama","Jul 21, 2017"
Sing,"$270,395,425",N/A,N/A,Universal Pictures,"$35,258,145","4,029 theaters","$75,000,000",PG,"Animation, Comedy, Family, Musical","Dec 21, 2016"
La La Land,"$151,101,803",N/A,N/A,Lionsgate,"$881,104","3,236 theaters","$30,000,000",PG-13,"Comedy, Drama, Music, Musical, Romance",N/A
Wonder,"$132,422,809",N/A,N/A,Lionsgate,"$27,547,866","3,519 theaters",N/A,PG,"Drama, Family","Nov 17, 2017"
Rogue One: A Star Wars Story,"$532,177,324",N/A,N/A,Walt Disney Studios Motion Pictures,"$155,081,681","4,157 theaters","$200,000,000",PG-13,"Action, Adventure, Sci-Fi","Dec 16, 2016"
Transformers: The Last Knight,"$130,168,683",N/A,N/A,Paramount Pictures,"$44,680,073","4,132 theaters","$217,000,000",PG-13,"Action, Adventure, Sci-Fi","Jun 21, 2017"
Split,"$138,291,365",N/A,N/A,Universal Pictures,"$40,010,975","3,373 theaters","$9,000,000",PG-13,"Horror, Thriller","Jan 20, 2017"
War for the Planet of the Apes,"$146,880,162",N/A,N/A,Twentieth Century Fox,"$56,262,929","4,100 theaters","$150,000,000",PG-13,"Action, Adventure, Drama, Sci-Fi, Thriller","Jul 14, 2017"
Cars 3,"$152,901,115",N/A,N/A,Walt Disney Studios Motion Pictures,"$53,688,680","4,256 theaters",N/A,G,"Adventure, Animation, Comedy, Family, Sport","Jun 16, 2017"
Hidden Figures,"$169,607,287",N/A,N/A,Twentieth Century Fox,"$515,499","3,416 theaters","$25,000,000",PG,"Biography, Drama, History",N/A
Kong: Skull Island,"$168,052,812",N/A,N/A,Warner Bros.,"$61,025,472","3,846 theaters","$185,000,000",PG-13,"Action, Adventure, Fantasy, Sci-Fi","Mar 10, 2017"
Jumanji: Welcome to the Jungle,"$404,515,480",N/A,N/A,Sony Pictures Entertainment (SPE),"$36,169,328","3,849 theaters","$90,000,000",PG-13,"Action, Adventure, Comedy, Fantasy","Dec 20, 2017"
Pirates of the Caribbean: Dead Men Tell No Tales,"$172,558,876",N/A,N/A,Walt Disney Studios Motion Pictures,"$62,983,253","4,276 theaters","$230,000,000",PG-13,"Action, Adventure, Fantasy","May 26, 2017"
The Boss Baby,"$175,003,033",N/A,N/A,Twentieth Century Fox,"$50,198,902","3,829 theaters",N/A,PG,"Adventure, Animation, Comedy, Family, Fantasy","Mar 31, 2017"
Get Out,"$176,040,665",N/A,N/A,Universal Pictures,"$33,377,060","3,143 theaters","$4,500,000",R,"Horror, Mystery, Thriller","Feb 24, 2017"
The Lego Batman Movie,"$175,750,384",N/A,N/A,Warner Bros.,"$53,003,468","4,088 theaters","$80,000,000",PG,"Action, Animation, Comedy, Family","Feb 10, 2017"
Coco,"$210,460,015",N/A,N/A,Walt Disney Studios Motion Pictures,"$50,802,605","3,987 theaters",N/A,PG,"Adventure, Animation, Family, Fantasy, Music, Mystery","Nov 22, 2017"
Dunkirk,"$188,045,546",N/A,N/A,Warner Bros.,"$50,513,488","4,014 theaters","$100,000,000",PG-13,"Action, Drama, History, Thriller, War","Jul 21, 2017"
Justice League,"$229,024,295",N/A,N/A,Warner Bros.,"$93,842,239","4,051 theaters",N/A,PG-13,"Action, Adventure, Fantasy, Sci-Fi","Nov 17, 2017"
The Fate of the Furious,"$226,008,385",N/A,N/A,Universal Pictures,"$98,786,705","4,329 theaters","$250,000,000",PG-13,"Action, Adventure, Crime, Thriller","Apr 14, 2017"
Logan,"$226,277,068",N/A,N/A,Twentieth Century Fox,"$88,411,916","4,071 theaters","$97,000,000",R,"Action, Drama, Sci-Fi, Thriller","Mar 3, 2017"
Despicable Me 3,"$264,624,300",N/A,N/A,Universal Pictures,"$72,434,025","4,535 theaters","$80,000,000",PG,"Adventure, Animation, Comedy, Family, Fantasy, Sci-Fi","Jun 30, 2017"
Thor: Ragnarok,"$315,058,289",N/A,N/A,Walt Disney Studios Motion Pictures,"$122,744,989","4,080 theaters","$180,000,000",PG-13,"Action, Adventure, Comedy, Fantasy, Sci-Fi","Nov 3, 2017"
It,"$327,481,748",N/A,N/A,Warner Bros.,"$123,403,419","4,148 theaters","$35,000,000",R,Horror,"Sep 8, 2017"
Spider-Man: Homecoming,"$334,201,140",N/A,N/A,Sony Pictures Entertainment (SPE),"$117,027,503","4,348 theaters","$175,000,000",PG-13,"Action, Adventure, Sci-Fi","Jul 7, 2017"
Guardians of the Galaxy Vol. 2,"$389,813,101",N/A,N/A,Walt Disney Studios Motion Pictures,"$146,510,104","4,347 theaters","$200,000,000",PG-13,"Action, Adventure, Comedy, Sci-Fi","May 5, 2017"
Wonder Woman,"$412,563,408",N/A,N/A,Warner Bros.,"$103,251,471","4,165 theaters","$149,000,000",PG-13,"Action, Adventure, Fantasy, Sci-Fi, War","Jun 2, 2017"
Beauty and the Beast,"$504,014,165",N/A,N/A,Walt Disney Studios Motion Pictures,"$174,750,616","4,210 theaters","$160,000,000",PG,"Family, Fantasy, Musical, Romance","Mar 17, 2017"
Star Wars: Episode VIII - The Last Jedi,"$620,181,382",N/A,N/A,Walt Disney Studios Motion Pictures,"$220,009,584","4,232 theaters","$317,000,000",PG-13,"Action, Adventure, Fantasy, Sci-Fi","Dec 15, 2017"
Vanguard,"$793,525",N/A,N/A,Gravitas Ventures,"$380,428","1,375 theaters",N/A,PG-13,Action,"Nov 20, 2020"
Sarileru Neekevvaru,"$821,000",N/A,N/A,Great India Films,"$821,000",300 theaters,N/A,N/A,"Action, Comedy, Drama","Jan 10, 2020"
The Goonies,"$825,000",N/A,N/A,Warner Bros.,"$213,000",457 theaters,N/A,N/A,"Adventure, Comedy, Family","Jul 10, 2020"
Cut Throat City,"$855,894",N/A,N/A,Well Go USA Entertainment,"$243,379",389 theaters,N/A,R,"Action, Crime, Drama, Thriller","Aug 21, 2020"
A Hidden Life,"$1,730,597",N/A,N/A,Fox Searchlight Pictures,"$50,383",151 theaters,N/A,PG-13,"Biography, Drama, Romance, War","Dec 13, 2019"
Jay and Silent Bob Reboot,"$4,589,490",N/A,N/A,Saban Films,"$93,520",788 theaters,N/A,R,"Adventure, Comedy","Oct 15, 2019"
National Lampoon's Christmas Vacation,"$871,000",N/A,N/A,Warner Bros.,"$170,000",620 theaters,N/A,N/A,Comedy,"Nov 25, 2020"
Mafia Inc,"$889,863",N/A,N/A,Entertainment One,"$264,939",85 theaters,N/A,N/A,"Crime, Drama","Feb 14, 2020"
All My Life,"$913,935",N/A,N/A,Universal Pictures,"$370,315",970 theaters,N/A,PG-13,"Drama, Romance","Dec 4, 2020"
Becky,"$1,003,700",N/A,N/A,Quiver Distribution,"$209,394",54 theaters,N/A,R,"Action, Crime, Drama, Horror, Thriller","Jun 5, 2020"
The Song of Names,"$1,077,584",N/A,N/A,Sony Pictures Classics,"$39,452",182 theaters,N/A,PG-13,"Drama, Music, Mystery, War","Dec 25, 2019"
The Last Shift,"$1,034,467",N/A,N/A,Stage 6 Films,"$246,491",886 theaters,N/A,R,"Comedy, Drama","Sep 25, 2020"
The Tax Collector,"$1,044,212",N/A,N/A,RLJE Films,"$309,694",138 theaters,N/A,N/A,"Action, Crime, Drama, Thriller","Aug 7, 2020"
Relic,"$1,047,083",N/A,N/A,IFC Films,"$192,352",133 theaters,N/A,R,"Drama, Horror, Mystery, Thriller","Jul 3, 2020"
Love and Monsters,"$1,070,714",N/A,N/A,Paramount Pictures,"$270,302",387 theaters,N/A,PG-13,"Action, Adventure, Comedy, Fantasy, Sci-Fi","Oct 16, 2020"
The Assistant,"$1,100,313",N/A,N/A,Bleecker Street Media,"$79,141",25 theaters,N/A,R,Drama,"Jan 31, 2020"
True to the Game 2,"$1,181,823",N/A,N/A,Faith Media Distribution,"$274,631",281 theaters,N/A,R,Thriller,"Nov 6, 2020"
Train to Busan Presents: Peninsula,"$1,231,407",N/A,N/A,Well Go USA Entertainment,"$118,647",151 theaters,N/A,N/A,"Action, Horror, Thriller","Aug 7, 2020"
Promising Young Woman,"$3,453,780",N/A,N/A,Focus Features,"$719,305","1,448 theaters",N/A,R,"Crime, Drama, Thriller","Dec 25, 2020"
2 Hearts,"$1,349,286",N/A,N/A,Freestyle Releasing,"$522,937","1,683 theaters",N/A,PG-13,"Drama, Romance","Oct 16, 2020"
Once Upon a Time... In Hollywood,"$142,502,728",N/A,N/A,Sony Pictures Entertainment (SPE),"$41,082,018","3,659 theaters","$90,000,000",R,"Comedy, Drama","Jul 26, 2019"
Jurassic Park,"$1,386,600",N/A,N/A,Universal Pictures,"$517,600",316 theaters,"$63,000,000",PG-13,"Action, Adventure, Sci-Fi, Thriller","Jun 19, 2020"
The Rental,"$1,637,548",N/A,N/A,IFC Films,"$403,852",250 theaters,N/A,R,"Drama, Horror, Mystery, Thriller","Jul 24, 2020"
Joker,"$335,451,311",N/A,N/A,Warner Bros.,"$96,202,337","4,374 theaters","$55,000,000",R,"Crime, Drama, Thriller","Oct 4, 2019"
The Lodge,"$2,138,907",N/A,N/A,Neon,"$76,251",395 theaters,N/A,R,"Drama, Horror, Thriller","Feb 7, 2020"
The Wretched,"$1,814,193",N/A,N/A,IFC Films,"$65,908",101 theaters,N/A,N/A,Horror,"May 1, 2020"
The Personal History of David Copperfield,"$1,876,298",N/A,N/A,Searchlight Pictures,"$475,800","1,550 theaters",N/A,PG,"Comedy, Drama","Aug 28, 2020"
Elf,"$2,003,568",N/A,N/A,New Line Cinema,"$170,000",850 theaters,"$33,000,000",PG,"Adventure, Comedy, Family, Fantasy, Romance","Nov 13, 2020"
Half Brothers,"$2,192,595",N/A,N/A,Focus Features,"$700,160","1,386 theaters",N/A,PG-13,"Comedy, Drama","Dec 4, 2020"
The Nightmare Before Christmas,"$2,286,000",N/A,N/A,Walt Disney Studios Motion Pictures,"$1,323,000","2,194 theaters",N/A,PG,"Animation, Family, Fantasy, Musical","Oct 16, 2020"
Ip Man 4: The Finale,"$3,956,031",N/A,N/A,Well Go USA Entertainment,"$737,718",125 theaters,N/A,N/A,"Action, Biography, Drama, History","Dec 25, 2019"
Fatale,"$4,842,845",N/A,N/A,Lionsgate,"$918,112","1,222 theaters",N/A,R,Thriller,"Dec 18, 2020"
Star Wars: Episode V - The Empire Strikes Back,"$2,482,000",N/A,N/A,Walt Disney Studios Motion Pictures,"$611,000","2,097 theaters","$18,000,000",PG,"Action, Adventure, Fantasy, Sci-Fi","Jul 10, 2020"
Words on Bathroom Walls,"$2,542,518",N/A,N/A,Roadside Attractions,"$432,968","1,395 theaters",N/A,PG-13,"Drama, Romance","Aug 21, 2020"
The Last Full Measure,"$2,949,212",N/A,N/A,Roadside Attractions,"$1,058,019",617 theaters,N/A,R,"Drama, War","Jan 24, 2020"
My Boyfriend's Meds,"$2,971,116",N/A,N/A,Pantelion Films,"$1,396,140",350 theaters,N/A,R,Comedy,"Feb 21, 2020"
The Empty Man,"$2,992,948",N/A,N/A,20th Century Studios,"$1,310,326","2,051 theaters",N/A,R,"Crime, Drama, Horror, Mystery, Thriller","Oct 23, 2020"
Queen & Slim,"$43,808,310",N/A,N/A,Universal Pictures,"$11,890,490","1,715 theaters","$18,000,000",R,"Crime, Drama, Romance","Nov 27, 2019"
Bill & Ted Face the Music,"$3,439,660",N/A,N/A,United Artists Releasing,"$1,125,007","1,007 theaters",N/A,PG-13,"Adventure, Comedy, Music, Sci-Fi","Aug 28, 2020"
2020 Oscar Nominated Short Films,"$3,306,611",N/A,N/A,Magnolia Pictures,"$1,155,505",536 theaters,N/A,N/A,N/A,"Jan 31, 2020"
Portrait of a Lady on Fire,"$3,759,854",N/A,N/A,Neon,"$67,344",334 theaters,N/A,R,"Drama, Romance","Dec 6, 2019"
News of the World,"$8,634,510",N/A,N/A,Universal Pictures,"$2,250,430","1,986 theaters",N/A,PG-13,"Action, Adventure, Drama, Western","Dec 25, 2020"
Infidel,"$4,051,990",N/A,N/A,Cloudburst Entertainment,"$1,384,296","1,885 theaters",N/A,R,"Action, Adventure, Thriller","Sep 18, 2020"
The Broken Hearts Gallery,"$4,067,442",N/A,N/A,TriStar Pictures,"$1,126,401","2,221 theaters",N/A,PG-13,"Comedy, Romance","Sep 11, 2020"
The SpongeBob Movie: Sponge on the Run,"$4,810,790",N/A,N/A,Paramount Pictures,"$865,824",326 theaters,N/A,PG,"Adventure, Animation, Comedy, Family","Aug 14, 2020"
Richard Jewell,"$22,345,542",N/A,N/A,Warner Bros.,"$4,705,265","2,502 theaters","$45,000,000",R,"Biography, Crime, Drama","Dec 13, 2019"
Hocus Pocus,"$4,828,000",N/A,N/A,Walt Disney Studios Motion Pictures,"$1,925,000","2,570 theaters",N/A,PG,"Comedy, Family, Fantasy","Oct 2, 2020"
A Beautiful Day in the Neighborhood,"$61,704,055",N/A,N/A,Sony Pictures Entertainment (SPE),"$13,251,238","3,491 theaters","$25,000,000",PG,"Biography, Drama","Nov 22, 2019"
Monster Hunter,"$9,200,328",N/A,N/A,Screen Gems,"$2,201,269","1,817 theaters",N/A,PG-13,"Action, Adventure, Fantasy","Dec 18, 2020"
The Rhythm Section,"$5,437,971",N/A,N/A,Paramount Pictures,"$2,715,384","3,049 theaters","$50,000,000",R,"Action, Drama, Mystery, Thriller","Jan 31, 2020"
The Hunt,"$5,812,500",N/A,N/A,Universal Pictures,"$5,304,455","3,028 theaters","$14,000,000",R,"Action, Horror, Thriller","Mar 13, 2020"
Cats,"$27,166,770",N/A,N/A,Universal Pictures,"$6,619,870","3,380 theaters","$95,000,000",PG,"Comedy, Drama, Family, Fantasy, Musical","Dec 20, 2019"
Weathering with You,"$7,798,743",N/A,N/A,GKIDS,"$1,808,533","1,020 theaters",N/A,PG-13,"Animation, Drama, Fantasy, Romance","Jan 15, 2020"
Downhill,"$8,287,061",N/A,N/A,Searchlight Pictures,"$4,622,018","2,311 theaters",N/A,R,"Comedy, Drama","Feb 14, 2020"
Freaky,"$8,897,995",N/A,N/A,Universal Pictures,"$3,600,355","2,472 theaters",N/A,R,"Comedy, Horror, Thriller","Nov 13, 2020"
Let Him Go,"$9,358,025",N/A,N/A,Focus Features,"$4,000,470","2,458 theaters",N/A,R,"Crime, Drama, Thriller","Nov 6, 2020"
Come Play,"$9,830,295",N/A,N/A,Focus Features,"$3,119,875","2,183 theaters",N/A,PG-13,"Drama, Horror, Mystery, Thriller","Oct 30, 2020"
I Still Believe,"$9,868,521",N/A,N/A,Lionsgate,"$9,103,614","3,250 theaters","$12,000,000",PG,"Biography, Drama, Music, Romance","Mar 13, 2020"
Bloodshot,"$12,561,824",N/A,N/A,Sony Pictures Entertainment (SPE),"$9,176,695","2,861 theaters","$45,000,000",PG-13,"Action, Drama, Sci-Fi","Mar 13, 2020"
Emma.,"$10,055,355",N/A,N/A,Focus Features,"$234,482","1,732 theaters","$10,000,000",PG,"Comedy, Drama, Romance",N/A
Ford v Ferrari,"$117,624,357",N/A,N/A,Twentieth Century Fox,"$31,474,958","3,746 theaters","$97,600,000",PG-13,"Action, Biography, Drama, Sport","Nov 15, 2019"
Impractical Jokers: The Movie,"$10,691,091",N/A,N/A,truTV,"$2,607,049","1,900 theaters","$3,000,000",PG-13,Comedy,N/A
Jojo Rabbit,"$33,370,906",N/A,N/A,Fox Searchlight Pictures,"$349,555","1,173 theaters","$14,000,000",PG-13,"Comedy, Drama, War",N/A
Brahms: The Boy II,"$12,611,536",N/A,N/A,STX Entertainment,"$5,823,006","2,151 theaters","$10,000,000",PG-13,"Drama, Horror, Mystery, Thriller","Feb 21, 2020"
The Way Back,"$13,590,514",N/A,N/A,Warner Bros.,"$8,170,315","2,718 theaters",N/A,R,"Drama, Sport","Mar 6, 2020"
Bombshell,"$31,762,808",N/A,N/A,Lionsgate,"$319,157","1,721 theaters","$32,000,000",R,"Biography, Drama",N/A
My Hero Academia: Heroes Rising,"$13,304,000",N/A,N/A,FUNimation Entertainment,"$5,891,252","1,231 theaters",N/A,PG-13,"Action, Adventure, Animation, Comedy, Sci-Fi","Feb 26, 2020"
Honest Thief,"$14,163,574",N/A,N/A,Open Road Films (II),N/A,"2,502 theaters",N/A,PG-13,"Action, Crime, Drama, Thriller",N/A
Gretel & Hansel,"$15,347,654",N/A,N/A,United Artists Releasing,"$6,154,007","3,007 theaters",N/A,PG-13,"Fantasy, Horror, Mystery, Thriller","Jan 31, 2020"
The Turning,"$15,472,775",N/A,N/A,Universal Pictures,"$6,950,045","2,571 theaters","$14,000,000",PG-13,"Drama, Horror, Mystery","Jan 24, 2020"
Underwater,"$17,291,078",N/A,N/A,Twentieth Century Fox,"$7,008,297","2,791 theaters",N/A,PG-13,"Action, Horror, Sci-Fi, Thriller","Jan 10, 2020"
Wonder Woman 1984,"$35,800,000",N/A,N/A,Warner Bros.,"$16,700,000",N/A,N/A,PG-13,"Action, Adventure, Fantasy","Dec 25, 2020"
The War with Grandpa,"$19,281,739",N/A,N/A,101 Studios,"$3,623,880","2,365 theaters",N/A,PG,"Comedy, Drama, Family","Oct 9, 2020"
The Photograph,"$20,578,185",N/A,N/A,Universal Pictures,"$12,181,865","2,516 theaters","$16,000,000",PG-13,"Drama, Romance","Feb 14, 2020"
Unhinged,"$20,831,465",N/A,N/A,Solstice Studios,"$601,032","2,402 theaters",N/A,R,"Action, Thriller",N/A
The Grudge,"$21,221,803",N/A,N/A,Sony Pictures Entertainment (SPE),"$11,404,113","2,642 theaters","$10,000,000",R,"Fantasy, Horror, Mystery","Jan 3, 2020"
Like a Boss,"$22,169,514",N/A,N/A,Paramount Pictures,"$10,011,272","3,081 theaters","$29,000,000",R,Comedy,"Jan 10, 2020"
The New Mutants,"$23,852,659",N/A,N/A,20th Century Studios,"$7,037,017","2,754 theaters",N/A,PG-13,"Action, Horror, Sci-Fi","Aug 28, 2020"
Uncut Gems,"$50,023,780",N/A,N/A,A24,"$537,242","2,686 theaters","$19,000,000",R,"Crime, Drama, Thriller",N/A
Fantasy Island,"$27,309,289",N/A,N/A,Sony Pictures Entertainment (SPE),"$12,310,420","2,784 theaters","$7,000,000",PG-13,"Action, Adventure, Fantasy, Horror, Mystery, Thriller","Feb 14, 2020"
Parasite,"$53,369,749",N/A,N/A,Neon,"$393,216","2,001 theaters","$11,400,000",R,"Comedy, Drama, Thriller",N/A
The Croods: A New Age,"$39,757,090",N/A,N/A,Universal Pictures,"$9,724,200","2,211 theaters",N/A,PG,"Adventure, Animation, Comedy, Family, Fantasy","Nov 25, 2020"
Just Mercy,"$36,001,502",N/A,N/A,Warner Bros.,"$107,858","2,457 theaters","$25,000,000",PG-13,"Biography, Crime, Drama",N/A
The Gentlemen,"$36,471,795",N/A,N/A,STX Entertainment,"$10,651,884","2,675 theaters","$22,000,000",R,"Action, Comedy, Crime","Jan 24, 2020"
Spies in Disguise,"$66,757,013",N/A,N/A,Twentieth Century Fox,"$13,354,798","3,502 theaters","$100,000,000",PG,"Action, Adventure, Animation, Comedy, Family, Sci-Fi","Dec 25, 2019"
Tenet,"$57,929,000",N/A,N/A,Warner Bros.,"$20,200,000","2,930 theaters",N/A,PG-13,"Action, Sci-Fi, Thriller","Sep 3, 2020"
Frozen II,"$477,373,578",N/A,N/A,Walt Disney Studios Motion Pictures,"$130,263,358","4,440 theaters","$150,000,000",PG,"Adventure, Animation, Comedy, Family, Fantasy, Musical","Nov 22, 2019"
Knives Out,"$165,363,234",N/A,N/A,Lionsgate,"$26,769,548","3,461 theaters","$40,000,000",PG-13,"Comedy, Crime, Drama, Mystery, Thriller","Nov 27, 2019"
Onward,"$61,555,145",N/A,N/A,Walt Disney Studios Motion Pictures,"$39,119,861","4,310 theaters",N/A,PG,"Adventure, Animation, Comedy, Family, Fantasy","Mar 6, 2020"
The Call of the Wild,"$62,342,368",N/A,N/A,20th Century Studios,"$24,791,624","3,914 theaters","$135,000,000",PG,"Adventure, Drama, Family","Feb 21, 2020"
The Invisible Man,"$70,410,000",N/A,N/A,Universal Pictures,"$28,205,665","3,636 theaters","$7,000,000",R,"Drama, Horror, Mystery, Sci-Fi, Thriller","Feb 28, 2020"
Little Women,"$108,101,214",N/A,N/A,Sony Pictures Entertainment (SPE),"$16,755,310","3,308 theaters","$40,000,000",PG,"Drama, Romance","Dec 25, 2019"
Dolittle,"$77,047,065",N/A,N/A,Universal Pictures,"$21,844,045","4,155 theaters","$175,000,000",PG,"Adventure, Comedy, Family, Fantasy","Jan 17, 2020"
Birds of Prey,"$84,158,461",N/A,N/A,Warner Bros.,"$33,010,017","4,236 theaters","$84,500,000",R,"Action, Adventure, Comedy, Crime","Feb 7, 2020"
Star Wars: Episode IX - The Rise of Skywalker,"$515,202,542",N/A,N/A,Walt Disney Studios Motion Pictures,"$177,383,864","4,406 theaters","$275,000,000",PG-13,"Action, Adventure, Fantasy, Sci-Fi","Dec 20, 2019"
Jumanji: The Next Level,"$320,314,960",N/A,N/A,Sony Pictures Entertainment (SPE),"$59,251,543","4,227 theaters","$125,000,000",PG-13,"Action, Adventure, Comedy, Fantasy","Dec 13, 2019"
Sonic the Hedgehog,"$148,974,665",N/A,N/A,Paramount Pictures,"$58,018,348","4,198 theaters","$85,000,000",PG,"Action, Adventure, Comedy, Family, Sci-Fi","Feb 14, 2020"
1917,"$159,227,644",N/A,N/A,Universal Pictures,"$576,216","3,987 theaters","$95,000,000",R,"Drama, Thriller, War",N/A
Bad Boys for Life,"$206,305,244",N/A,N/A,Sony Pictures Entertainment (SPE),"$62,504,105","3,775 theaters","$90,000,000",R,"Action, Comedy, Crime, Thriller","Jan 17, 2020"
